{
  "raw/web/README.md": 1776655520.481349,
  "raw/web/cc65.github.io/Picocomputer 6502 \u2014 cc65 documentation.md": 1776655520.4813929,
  "raw/web/6502.org/Decimal Mode \u2014 6502.org.md": 1776655520.481248,
  "raw/web/6502.org/Investigating Interrupts \u2014 6502.org.md": 1776655520.48122,
  "raw/web/6502.org/Register Preservation Using The Stack \u2014 6502.org.md": 1776655520.4812007,
  "raw/web/6502.org/6502 Compare Instructions \u2014 6502.org.md": 1776655520.4811807,
  "raw/web/6502.org/NMOS 6502 Opcodes \u2014 6502.org.md": 1776655520.481273,
  "raw/web/6502.org/Beyond 8-bit Unsigned Comparisons \u2014 6502.org.md": 1776655520.481154,
  "raw/web/6502.org/65C02 Opcodes \u2014 6502.org.md": 1776655520.4812977,
  "raw/web/6502.org/The Overflow (V) Flag Explained \u2014 6502.org.md": 1776655520.4813254,
  "raw/web/picocomputer.github.io/Hardware \u2014 Picocomputer  documentation.md": 1776655520.4809816,
  "raw/web/picocomputer.github.io/Picocomputer 6502 \u2014 Picocomputer  documentation.md": 1776655520.4810085,
  "raw/web/picocomputer.github.io/RP6502-OS \u2014 Picocomputer  documentation.md": 1776655520.4810276,
  "raw/web/picocomputer.github.io/RP6502-RIA-W \u2014 Picocomputer  documentation.md": 1776655520.4810855,
  "raw/web/picocomputer.github.io/RP6502-VGA \u2014 Picocomputer  documentation.md": 1776655520.4811058,
  "raw/web/picocomputer.github.io/RP6502-RIA \u2014 Picocomputer  documentation.md": 1776655520.4810607
}